feature,effect,importance
chicago,0.3868496758888597,0.20135816017625757
location,-0.12771022879687688,0.036664475726136944
luxury,0.293689362195308,0.027787006876648708
we,-0.08936954895028254,0.019641091034371238
decided,0.17765930554214038,0.019329470969611236
for,0.0006882123675138185,0.019264013837764583
star,0.022037237166691315,0.01747176340176255
sheets,0.14190218675823957,0.015786727715925486
is,-0.049829663559637416,0.015783748350955706
are,-0.1075722890947079,0.01506549652293875
seemed,0.12716262537789658,0.011475140949518452
finally,0.031035936984288748,0.010376619924339223
smelled,0.3262048230619882,0.010367004428177446
open,-0.28282743423724677,0.010034335057239467
turned,0.2729528414116161,0.010020245030927188
cleaned,0.23668194855034475,0.00904604534117773
experience,0.16045086448771873,0.008405244022715417
recently,0.2824159781554794,0.008376738437328874
make,0.081807720360358,0.008192384242811823
we got,0.07759783851388818,0.00817256076615453
to wait,0.24415200830034428,0.007865781118051725
have stayed,-0.26669168694776835,0.0075558217273655115
the food,0.1685400304536812,0.00698573162969133
very,-0.005990753127344262,0.006384836439023884
there are,-0.10564868318600462,0.00632939439561893
never,-0.00969697593948926,0.006115526871046474
room the,-0.015254802555374258,0.005903648816711229
elevator,-0.1841833885987217,0.005881135399265808
no,-0.06673812028417692,0.005784348826022362
to chicago,0.137920315068581,0.005584783984692149
coffee,-0.340331336708131,0.0055703453767555625
prices,0.19345314238148797,0.005539850891978848
many,0.012669458858727611,0.005483524617603072
construction,-0.09078391200467006,0.005442209668102505
rude,0.18406144782952855,0.00537012065846665
my room,0.18367218593531248,0.005310435706112385
we have,-0.22607984386748742,0.005104293386528116
this is,-0.11916600421175744,0.0049374509083305075
close,-0.11707656466238786,0.0048507379798977245
comfortable,-0.09759561489505952,0.004614992559767858
always,0.0520967116682825,0.004433333897011092
at the,0.18527206137057717,0.004270404367444293
room was,0.025419494625765426,0.0035802187562111523
same,-0.08000732319039289,0.0034992221097872346
the,,0.0033779441963432467
need,0.10332854259626012,0.0033058778096883216
for room,-0.12683045345818555,0.00315076858095242
took,-0.07914166302467113,0.0031022505617595243
room on,-0.24760763181446127,0.0030941950460528864
the bar,-0.008830983091286937,0.0030541871411853207
not very,0.08765259768793998,0.002977476737577363
rate,0.016598986169435337,0.0029762185253264
told,-0.08433237760318968,0.0028339067483411965
the clerk,0.3263211623846156,0.002677075254358215
can,-0.058627639777130924,0.002620350657145903
said,-0.05688307697337541,0.002439975354224023
expected,0.033655237301233765,0.002382067663875185
major,-0.20542169650173336,0.002284234449418301
cold,0.04507195941523018,0.0021675879391766504
called,0.03793927706839434,0.00212120146955518
michigan,-0.13306077806792865,0.0019520905824094285
reviews,-0.12854935676619644,0.0019372276082871593
was,0.10893379285740995,0.00193356550468507
hotel is,0.020619382697433852,0.0018432149496057965
stayed at,0.08445251367676787,0.0018209815490457736
this,0.03062057167292126,0.0017384191881713966
tell,0.11985875695180875,0.0017378239506159814
and the,-0.03632808592230302,0.0017054551735005824
looks,0.08198811545427775,0.0016788904638839763
to this,0.1602595880355967,0.001620536890448435
to,-0.06793836113446544,0.0015952400434708647
with my,0.24558917209456715,0.0015164085489835527
here,-0.022887497915628607,0.0014877282219601128
wait,0.21254371731864852,0.00147027279899839
could,0.13305070851565026,0.0014417373156452003
of,0.12382414805952885,0.0014016903586016524
when,0.04241468246666652,0.0013800322315514744
call,-0.04773817816827608,0.0013684614441197662
requested,0.06216420938144673,0.001320473830911288
why,0.07992411877496564,0.001306576787714081
nights,-0.2019942448189967,0.001242463567534771
in,0.038286162786535405,0.0012333175930965444
over,-0.060115263586773215,0.0011917811303296367
and,0.23146819296496862,0.001186351755331748
the website,0.013103295967470674,0.0011665473579928797
arrived,-0.012065600167634472,0.0011518884706337295
accommodations,0.14713438463391904,0.0011195837640941017
walked,0.09200746850708186,0.001093559812137182
my,0.1996237314577915,0.0010829777431077025
tiny,-0.27892314222179304,0.0010824054977009968
return,0.12891401581659412,0.0009699409716659949
staying,0.16298119359295304,0.0009315784079632762
be,0.09536338127871502,0.0009221700608417956
phone,0.0548773431822171,0.0009132872046605027
towels,0.24223643858126925,0.0008709764540678094
returned,0.014435599671453136,0.0008391773531533492
ok,-0.12006379764455699,0.0008093710244419307
any,-0.03884139597429587,0.0008091158444956543
two,-0.09689998945311734,0.0008083416865646245
paid,-0.005506256667918208,0.0007955837058816834
check in,0.0005637735455902293,0.0007489379809156875
by,-0.027243985103382606,0.00070377560671336
on,0.06164481428819085,0.0006648203591520753
first of,0.19848596650999523,0.0006513555390417505
desk staff,0.23416861076038076,0.0006362282783623425
set,0.0362555722266627,0.0006165265386369229
online,0.1626305707318404,0.0006030331787245561
room,-0.006911401071357848,0.0005957091391949113
manager,-0.05391322153441397,0.0005937076831784028
city,-0.02360759249085237,0.0005847835529387541
late,-0.053584412536940185,0.0005732140651013175
floor,-0.07246922108355569,0.0005557970054415895
at all,0.06288113067493595,0.000543819437199933
line,-0.06426242943468935,0.0005326627733897327
like,0.15438056306152437,0.0004910381643548001
website,0.15350224467032103,0.0004892990052242552
staff was,-0.002855318823678954,0.000484806236106819
great,0.038888463942443,0.0004774467613565631
concierge,0.09131409675311664,0.0004554432595461257
in the,-0.0486050677709462,0.0004457721317074113
day,-0.06552909812265939,0.00043886154722336674
next,0.09182495846139965,0.00043684918874716856
rooms,-0.020530505047504533,0.0004217436227950545
from,0.06289037032494615,0.0004117165349630857
that,0.10476139459807365,0.00040110427253023444
extremely,0.13898004864337504,0.0004002013896117224
definitely,0.09201755487224472,0.0003732736786652956
slow,-0.01795154374102792,0.0003619899542574015
lady,-0.09048071292488974,0.0003595513052388815
have,0.09214692667235636,0.00035386263541793895
because,-0.017274962307443464,0.00032764708232426213
did,-0.0011979695998909357,0.00031837642556909406
there,0.009913644167294455,0.0003088834318515868
out,0.04555326761858297,0.0002992817296406295
the bathroom,0.04552611925683819,0.0002976122262160383
not,0.11784393939677645,0.0002975713897502226
bed was,0.14893885112580602,0.00029500921570271046
told me,0.08717651679638427,0.00029098375006326636
service,0.008414959381364384,0.00029002831990151593
thought,0.16282566112230518,0.0002895248989381377
this was,0.005875938581611562,0.0002867298560719674
of money,0.21343543797755077,0.00027201098340735874
cleaning,0.10045888016708276,0.00027181322470337817
around,-0.04528899950226595,0.00027104808925710217
breakfast,-0.09171320234030106,0.0002531964125720967
thing,-0.14741850639789483,0.0002524973733365471
gave,-0.09820598867310254,0.00024789460787226985
it,0.041710666868119084,0.0002368260262387123
couldn,0.037338160073208504,0.00022597288323990633
to check,0.11844273200263417,0.0002148430846668742
finally got,0.11539120160538946,0.00021047367355895145
one,0.048889216986340966,0.00019079141889986263
they,-0.04971545874875688,0.0001891092244445449
up,0.08849445672307915,0.00016789296612760736
about,-0.021789825875660085,0.00015216121246499633
given,0.022495458271905133,0.00015180484848450055
do,-0.00607428980604563,0.00014700819038768423
doors,-0.23259573285892335,0.0001439223635721139
parking,-0.06533016783231249,0.00014370922583424402
but,-0.008822980131536484,0.0001406779038367713
found,0.19413777872796784,0.00013761421898969434
was not,0.12342998223012369,0.00013709818532469094
and went,0.017386727018382064,0.0001370759320138486
use,0.015870725533692676,0.00012549921310067545
of the,0.01872321298464752,0.0001229343224678983
despite,-0.0632728749549662,0.00012079705696845616
or,-0.015051021717362056,0.00012069828431925107
and was,0.07996614628232374,0.00011231637795837216
the hotel,0.034763901028484534,0.00011096695998993216
really,-0.030430153874489274,0.00011026462842841598
so,0.029607124048872557,0.00010899384529517226
all,0.08176268248365076,9.28218313731305e-05
disappointment,-0.014575849184936929,8.07778728351855e-05
unfortunately,0.06983282457797246,7.591967102866833e-05
there was,0.051988809961003746,7.50543601460246e-05
view,-0.035919083082260383,7.390906010174215e-05
if,0.07101605084247559,7.369980111853193e-05
it was,0.044782217659851964,7.05300782188524e-05
made,0.14181128300279533,6.687702451527175e-05
do not,-0.011818729334979516,6.152705061479753e-05
even,0.013701974008014262,5.76760997749632e-05
to get,-0.06098085316592955,5.1442420732232446e-05
all night,-0.08363983913508294,5.089404240585259e-05
and we,-0.04579699113921376,4.599509150913336e-05
much,-0.08116148234044296,4.222835422827593e-05
that was,0.15817939136773568,3.810193336112968e-05
staying at,0.15986238341594528,2.3162258636275204e-05
hotel,0.10822104488343454,2.307101082868849e-05
served,0.2771600164291562,2.2359467221672888e-05
the chicago,0.2532055289619981,9.186012121977064e-06
off,-0.04576378855005542,4.4531257950687843e-07
than,-0.028611678429435405,0.0
that my,0.07613410531867393,0.0
size,-0.07952047599901357,0.0
that it,-0.04387375063823151,0.0
taken,0.08795112766009644,0.0
sleep,0.142335448545733,0.0
small and,0.006661831066887114,0.0
smaller,0.24808671356406858,0.0
that is,-0.030686900954977836,0.0
small,-0.1471941549715074,0.0
terrible,0.25149944203282665,0.0
that had,0.11002223789468285,0.0
small the,-0.25350622620578933,0.0
that could,0.14141662920325088,0.0
supposed to,0.14266018271659597,0.0
take,0.08774123132200345,0.0
system,0.11907934248160124,0.0
something,-0.16679262672018758,0.0
somewhat,0.09932548483745463,0.0
somewhere,-0.036622205997647095,0.0
spent,0.13203984753185322,0.0
staff,0.04848837948482043,0.0
staff were,-0.10365632221537452,0.0
sitting,-0.027641859757077003,0.0
start,-0.038000230268566415,0.0
stay,0.013394238544752635,0.0
some,-0.042889756424061454,0.0
stay at,0.07102700594715983,0.0
stay here,-0.02681424625508655,0.0
stay in,0.15098729532010652,0.0
stay there,0.019770082862997085,0.0
stayed,0.03384103489790069,0.0
so we,-0.02613750427938666,0.0
stayed in,-0.0011784989813328761,0.0
so much,0.05339187375990978,0.0
staying here,0.11072946336201628,0.0
still,0.02117325756325006,0.0
stuck,-0.17574198041417777,0.0
such,0.07779358641252576,0.0
suite,-0.09189345491869916,0.0
so many,0.08873231997356246,0.0
supposed,0.14266018271659597,0.0
someone,0.03650571409724657,0.0
sure,0.16605784115054018,0.0
standard,0.016505224102662475,0.0
00,-0.02429461095050267,0.0
site,0.09407224701772121,0.0
quite,-0.05429844472107759,0.0
price,0.04577447506426846,0.0
prior,-0.14405826586296083,0.0
probably,0.011013776320606739,0.0
problem,0.031894904465936236,0.0
problems,0.21442318602599497,0.0
property,0.028105736394799186,0.0
put,-0.15030603056474956,0.0
quality,0.1823486168262789,0.0
quiet,-0.23650582936171158,0.0
rather,0.13588549532453165,0.0
poor,-0.03257652394197569,0.0
re,-0.18748359612647342,0.0
read,0.07623461407298282,0.0
reading,-0.10722416701283194,0.0
ready,0.030310563812139146,0.0
received,0.23264074123108486,0.0
recent,0.1465348929895674,0.0
recently stayed,0.28120122187009255,0.0
recommend,0.0855322094893391,0.0
recommend this,0.08723146621203126,0.0
previous,-0.053628523274700524,0.0
pool,0.10599165064271099,0.0
sink,0.062248870198466755,0.0
past,-0.005803199252711222,0.0
over the,-0.1600252706578818,0.0
overall,0.14317035912756215,0.0
overpriced,0.26550428189197234,0.0
own,0.07188085497873126,0.0
paper,0.017214747614794745,0.0
par,0.18855581696009016,0.0
part,-0.03205511023185542,0.0
part of,-0.03205511023185542,0.0
particularly,0.13885881852944432,0.0
pay,-0.16490857134667886,0.0
places,-0.15109549745974804,0.0
pay for,-0.06686142218298124,0.0
paying,0.011194214762867916,0.0
people,-0.045089233965048714,0.0
person,0.012786394030928017,0.0
personal,0.4063735983802039,0.0
pictures,-0.018949925568665593,0.0
pillows,-0.003812199112778414,0.0
place,0.02141881048308336,0.0
place to,0.16549369498176442,0.0
regular,0.10244386168414144,0.0
request,-0.1411565715772572,0.0
reservation,0.11098242682432663,0.0
service was,-0.05232287564143012,0.0
say that,0.1327362083139994,0.0
saying,0.09533254687156084,0.0
second,-0.1588063819202677,0.0
see,0.0015149016251773673,0.0
seem,-0.04390565029182525,0.0
seemed to,0.1364041000958786,0.0
seems,0.03883075146397613,0.0
send,-0.05662367615504049,0.0
service and,0.2402906545578316,0.0
services,0.015988617827335128,0.0
reserved,0.16729560097155993,0.0
several,0.046637604096039176,0.0
she,0.05224919048994103,0.0
she was,0.006916101031362476,0.0
should,0.04468637601026676,0.0
showed,-0.07359494878701506,0.0
shower,-0.01332215658250907,0.0
side,-0.16094335522372927,0.0
sign,-0.013447762640459049,0.0
since,0.03775699401399052,0.0
say,0.0802350632092757,0.0
saw,-0.18368636181448433,0.0
sat,0.08865372483854378,0.0
rude and,0.21095925755061257,0.0
restaurant,0.17188991472572174,0.0
restaurants,-0.11046112552387477,0.0
right,0.06353961329641261,0.0
room and,0.10928380822852157,0.0
room at,-0.053912966540479446,0.0
room but,-0.027205269170730184,0.0
room for,0.016664838039338603,0.0
room had,-0.025781021375781643,0.0
room it,0.07797822771320673,0.0
room itself,0.12626611859191855,0.0
room service,0.07659430961886149,0.0
room that,0.09309894036633087,0.0
room they,-0.08497894032915804,0.0
room to,0.07451240068514331,0.0
room we,0.11685955061936015,0.0
room with,-0.11519979178881568,0.0
rooms are,-0.14711435604281575,0.0
rooms were,-0.005917780110292259,0.0
that the,0.11430556204156644,0.0
that our,-0.12823920877291145,0.0
the sink,0.07774139507277733,0.0
that there,-0.01312635504670051,0.0
was the,0.0364478472998403,0.0
was also,-0.026883142592875275,0.0
was an,0.004561684138266353,0.0
was extremely,0.21328931066984552,0.0
was in,-0.0722306537196627,0.0
was looking,0.03691134505625021,0.0
was nice,0.005463165771129319,0.0
was no,-0.00844039274260211,0.0
was on,-0.03094266175376248,0.0
was only,0.07003481287778213,0.0
was so,-0.21727191189661071,0.0
was that,0.06714846587289375,0.0
was told,0.02633939493714954,0.0
tub,-0.14333607506741952,0.0
was very,0.012437034342922593,0.0
wasn,-0.1013528681550126,0.0
waste,0.17780470399524817,0.0
water,-0.07320273094559732,0.0
way,-0.03150596939658151,0.0
we are,-0.2506454896525623,0.0
we arrived,-0.179899388914948,0.0
we called,0.03254867546543938,0.0
we could,-0.03427837769983061,0.0
we had,-0.023128806478196817,0.0
we stayed,-0.25844093543647845,0.0
wanted to,0.22224561797710085,0.0
wanted,0.21333397089060036,0.0
want to,-0.002454312714135487,0.0
want,-0.10530413789895565,0.0
uncomfortable,0.25154692653836164,0.0
under,-0.0014743684542280477,0.0
understand,0.0804506662377294,0.0
until,-0.1015050768385764,0.0
up and,-0.10310710205001034,0.0
up for,-0.09571487823404712,0.0
up to,0.23517472649925225,0.0
upgrade,-0.11985922037918623,0.0
upon,0.2886556678936803,0.0
us,0.007962878482773328,0.0
us to,-0.07517887218832336,0.0
use the,-0.025176792152934502,0.0
used,0.06753750710604028,0.0
usually,-0.06981260119404803,0.0
ve,0.0013234298119656485,0.0
very disappointed,0.12016829381829808,0.0
very nice,-0.08043699792041181,0.0
very small,-0.31195835258338295,0.0
visit,-0.019569955245028303,0.0
waiting,0.01763643363574513,0.0
walking,-0.10285843542527368,0.0
wall,-0.12372968622176383,0.0
walls,-0.08019358180693015,0.0
we went,0.10578629868700323,0.0
we were,-0.06597803068226327,0.0
we will,-0.00669324387007586,0.0
will never,-0.037807927565998045,0.0
wine,-0.12089523375277295,0.0
with,0.0454859557407043,0.0
with me,-0.03414901989932678,0.0
with the,0.07898113562913345,0.0
without,0.020284076108875615,0.0
work,0.019652876751080794,0.0
working,-0.03333472337177251,0.0
worst,0.11604392739810765,0.0
worth,-0.06755390456096705,0.0
worth the,-0.07611250345084536,0.0
would,0.03189855536464081,0.0
would be,0.07953557435371139,0.0
would have,0.022166030344239085,0.0
would not,0.06683628604898523,0.0
wouldn,0.1298749018137929,0.0
wrong,0.001985130256432266,0.0
year,-0.03420991383800176,0.0
years,-0.026768557256937386,0.0
yet,0.09019554574492716,0.0
you,-0.05462013951244643,0.0
you are,-0.03668898710191848,0.0
you can,-0.1257938234635062,0.0
you get,0.09582431817839043,0.0
will not,0.01735937380376379,0.0
will be,0.029702032318569105,0.0
wedding,0.15370583148137196,0.0
will,0.02326913172736167,0.0
week,-0.022750296074493526,0.0
weekend,0.1087468987055294,0.0
well,0.11514498381438176,0.0
went,0.055650485107480385,0.0
went to,0.10727484466263737,0.0
were,0.0715064331618786,0.0
were not,0.00499463237303599,0.0
were so,-0.0781841996757705,0.0
were very,0.026328208126312147,0.0
weren,0.2892753181945583,0.0
what,0.08890512723713606,0.0
what you,0.17878523498080645,0.0
when arrived,0.057514091350324203,0.0
when we,-0.022741397220351844,0.0
where,0.044666357604469686,0.0
which,0.0697777111715785,0.0
which was,-0.0020904478993698516,0.0
while,0.08179320504000426,0.0
while was,0.12253810037147761,0.0
who,0.06919788835191698,0.0
whole,-0.021427499143075568,0.0
wife,0.21237093620173636,0.0
wife and,0.20712664703269484,0.0
tv,0.051786976680599894,0.0
trying to,0.33029715614967237,0.0
that they,-0.09922966604989136,0.0
the service,0.07784956433977358,0.0
the other,-0.10531847544534823,0.0
the people,-0.06909682428904473,0.0
the place,0.18300466652183855,0.0
the pool,0.16513961363909002,0.0
the price,0.12585108185293287,0.0
the quality,0.35087641816679743,0.0
the reservation,0.09561374901017866,0.0
the restaurant,0.18355378520634652,0.0
the room,0.0760145262252514,0.0
the rooms,-0.08918038557636626,0.0
the same,-0.04435176627301618,0.0
the shower,-0.040182360010024176,0.0
trying,0.25958992094915817,0.0
out the,0.1280532907820086,0.0
the staff,0.01573040180351143,0.0
the toilet,0.03326825605598971,0.0
the tv,0.018166428091035247,0.0
the view,-0.02064156343377077,0.0
the wall,-0.2237442651481073,0.0
the walls,-0.029918739093742985,0.0
the worst,0.033656744098885416,0.0
their,0.00960075221679857,0.0
their website,0.21995438586993032,0.0
them,-0.0360338447378874,0.0
the only,-0.0758385980385331,0.0
the night,0.017324777111421052,0.0
the next,0.16549344609469563,0.0
the morning,-0.07540306035537953,0.0
that this,-0.012620113745203831,0.0
that we,-0.10679280226714638,0.0
the air,0.10671940342893221,0.0
the area,0.2831223494622555,0.0
the bed,-0.07065034027748046,0.0
the beds,0.13274662195212966,0.0
the best,0.18773516888712038,0.0
the check,0.00890193581910348,0.0
the city,0.01282083283608898,0.0
the closet,-0.3850674338976252,0.0
the concierge,0.11781091181443742,0.0
the cost,-0.08319562138852565,0.0
the desk,-0.01817852530963271,0.0
the door,-0.12708412392285606,0.0
the elevator,-0.19384721177672642,0.0
the first,-0.032347766968911784,0.0
the floor,0.13452857394675227,0.0
the front,0.12731772246216622,0.0
the last,0.2848787714730875,0.0
the lobby,-0.005602060856553737,0.0
the location,-0.15163695914244008,0.0
the manager,-0.08700708192291862,0.0
the money,-0.1284089856808482,0.0
them to,0.028668458132358465,0.0
then,-0.04197274592305972,0.0
there again,-0.005979326482578429,0.0
to find,0.10305175946734102,0.0
to have,0.1718565711362695,0.0
to make,0.06481445970088523,0.0
to me,0.15202235848458412,0.0
to my,0.19820560141897758,0.0
to our,0.16141053043033582,0.0
to pay,-0.14307847505123983,0.0
to say,-0.004761016350161684,0.0
to see,-0.020177563792555198,0.0
to stay,0.19070628920602956,0.0
to take,0.07498930038618484,0.0
to the,0.007219226962044689,0.0
to their,-0.22593862615909208,0.0
to top,0.05620615281514163,0.0
to use,0.013411315208937236,0.0
toilet,0.04939841501789233,0.0
told that,0.021700400848075063,0.0
too,0.05715826980372335,0.0
top,0.06057749115680483,0.0
travel,-0.019945373477935846,0.0
tried,0.0062599908157320305,0.0
tried to,0.10815658477646922,0.0
trip,0.16705311487525498,0.0
trip to,0.14739641362678402,0.0
to go,-0.03545689185544715,0.0
to do,-0.07698414207013465,0.0
there is,-0.1349574682350495,0.0
to come,0.09889020059210196,0.0
there were,0.14488755554638083,0.0
these,-0.047160882399341686,0.0
they are,0.0019148314301961067,0.0
they did,-0.06195626567486889,0.0
they had,0.08268672172632519,0.0
they were,-0.02586078854913587,0.0
thin,-0.03667019209290007,0.0
things,0.02204149707070585,0.0
think,0.02299446128737298,0.0
this hotel,0.10603940670807155,0.0
this place,-0.16459787038523777,0.0
though,0.16131963099445112,0.0
three,-0.08571522333192738,0.0
through,-0.19352302938112614,0.0
time,0.04312075171673563,0.0
time in,0.004376438636792823,0.0
time we,-0.10407454399656663,0.0
times,-0.03509283631933402,0.0
tired,0.057910134185263196,0.0
to anyone,0.0813926531003844,0.0
to ask,0.2678966680194685,0.0
to be,0.055834751257217374,0.0
to call,-0.23055879995975762,0.0
outside,0.06985174394269189,0.0
not be,0.1692992541565536,0.0
out of,0.052171549306734954,0.0
different,0.036540286372057695,0.0
customer service,-0.12333118268856536,0.0
dark,-0.28118074105379776,0.0
days,-0.02043572143203365,0.0
deal,0.05512119646649222,0.0
decent,0.03392998343542175,0.0
decided to,0.1108565923671106,0.0
desk,0.06231139928100976,0.0
desk and,-0.01221687282191447,0.0
desk clerk,0.0993784227231192,0.0
did not,-0.04337718952301706,0.0
didn,0.04966069517504418,0.0
difficult,0.20314871176432547,0.0
down to,0.054569417524956365,0.0
dingy,0.20338821713268251,0.0
dirty,0.009293447256579934,0.0
dirty and,0.2293026142163223,0.0
disappointed,0.12409105439751761,0.0
disappointed with,0.238360449307995,0.0
distance,-0.18043455079481163,0.0
does,-0.07671263100320969,0.0
don,0.030337661687726614,0.0
don know,0.15061020984928708,0.0
done,0.1613060705381723,0.0
door,-0.0202423271166855,0.0
customer,-0.05848927766048456,0.0
credit card,0.03787287923989269,0.0
credit,0.0023996107385275134,0.0
counter,0.14071472651889255,0.0
chain,0.11530527941586904,0.0
change,0.10196380044971415,0.0
charge,-0.01829657751203434,0.0
charged,-0.0198563604823645,0.0
check,-0.026669484324341963,0.0
check out,0.0011303437389178494,0.0
checked,0.06607355838328166,0.0
checked in,0.0934966902969091,0.0
checking,0.1354732849090572,0.0
checking in,0.08609988812982822,0.0
chicago for,0.25959479557426707,0.0
clean,0.10528444018935396,0.0
clerk,0.20933066474552964,0.0
close to,-0.04128776471685475,0.0
closet,-0.307039400146232,0.0
come,-0.0617399803092768,0.0
complained,-0.1094542977007803,0.0
completely,0.11351877439968877,0.0
corner,-0.2375160854971075,0.0
cost,-0.04254851011651278,0.0
could have,-0.12539276523176163,0.0
could hear,-0.1053556838641585,0.0
could not,0.15436848872302894,0.0
down,0.052569289377725925,0.0
downtown,0.19683388447675892,0.0
carpet,0.0138339168713012,0.0
food was,0.19570494747757078,0.0
far,0.16098861354580185,0.0
feel,0.07147644746328174,0.0
felt,0.0923298873182522,0.0
felt like,0.12964858443027955,0.0
few,-0.12842103784606201,0.0
find,0.11527263562933754,0.0
find the,0.04492507277787028,0.0
fine,-0.10099250266939097,0.0
first,0.08749083219435633,0.0
fitness,0.13615111557262627,0.0
food,0.1704841863290627,0.0
for me,0.06391966686127365,0.0
due,0.10117297406764203,0.0
for my,0.14847577386112348,0.0
for one,0.1614792250422572,0.0
for the,0.03821200592244306,0.0
for this,-0.0816757358819985,0.0
for two,-0.251904281862132,0.0
forward,0.024350431805552464,0.0
forward to,0.024350431805552464,0.0
four,-0.07970445634135154,0.0
free,-0.11552423696252156,0.0
friendly,-0.033117517251299744,0.0
from the,0.09378384808917078,0.0
family,0.13068635441018872,0.0
fact,-0.01699589134545848,0.0
extra,-0.09416219634795919,0.0
expensive,0.0773267670699318,0.0
due to,0.1447010002446582,0.0
during,-0.04416664682679916,0.0
early,-0.0971389552528566,0.0
either,-0.032753350632393485,0.0
else,0.021020257419946897,0.0
end,0.17905013412953824,0.0
ended,0.09664624984504216,0.0
ended up,0.09664624984504216,0.0
enough,0.0599402590598086,0.0
enough to,0.12445311296352413,0.0
entire,0.22375371521694087,0.0
especially,0.04113463594381961,0.0
etc,-0.08130099638965105,0.0
even though,0.28548579034490384,0.0
evening,-0.21725188535402185,0.0
ever,0.004225901290413114,0.0
every,0.06966251438224452,0.0
everything,-0.016614547383185463,0.0
except,0.014797696358734014,0.0
excited,-0.005781047896646019,0.0
expect,0.03947983448295245,0.0
expectations,0.05881867387958811,0.0
expecting,0.2600019415580491,0.0
center,-0.08563106566384798,0.0
care of,0.1807423846759792,0.0
front desk,0.14003507688318084,0.0
and when,0.19492201995077385,0.0
and got,0.1722938995865358,0.0
and had,0.02874786268558488,0.0
and it,0.04782963458297834,0.0
and my,0.18870699546908826,0.0
and not,0.030961839710208716,0.0
and she,0.2752918360857198,0.0
and that,-0.0509083373133799,0.0
and then,-0.02407063597889081,0.0
and there,0.0585572839037003,0.0
and they,0.022958070206047787,0.0
and were,0.14076214740582532,0.0
another,-0.062015836756938114,0.0
ask,0.2535861761758035,0.0
another hotel,-0.056066146781752424,0.0
anyone,0.026863088928224477,0.0
anything,0.20157198841431706,0.0
apparently,0.21398209892222309,0.0
are not,-0.053704651770999035,0.0
are so,-0.06430011830665966,0.0
area,0.09625383834672513,0.0
around the,-0.12348013231092991,0.0
arrived at,-0.09498989954157289,0.0
as,0.13144363546077398,0.0
as the,0.01539515013561199,0.0
and found,-0.03189224080471709,0.0
and could,0.18437417958431368,0.0
an old,-0.07104186409567864,0.0
an hour,-0.08942309796647652,0.0
15,-0.045799923607801274,0.0
20,0.005768858355526707,0.0
30,-0.09773046176839595,0.0
able,-4.677355302429298e-05,0.0
able to,-4.677355302429298e-05,0.0
about the,-0.017389582028378814,0.0
above,0.10782987213066197,0.0
across,-0.11250038748061647,0.0
actually,0.12710643136945088,0.0
after,-0.004413703878606401,0.0
again,0.009913348949242728,0.0
air,0.19047346464910703,0.0
all of,-0.12832108235483664,0.0
all the,0.1337542409765149,0.0
almost,-0.12874451266319764,0.0
already,0.1311815432273873,0.0
also,-0.07451398790607949,0.0
also the,-0.04968031694731906,0.0
although,0.15141272562202768,0.0
although the,0.2266725126843942,0.0
am,-0.08139870124021581,0.0
amenities,0.02053933230990279,0.0
an,0.033344144527369945,0.0
as we,-0.09239433192180413,0.0
ask for,0.21501560471214398,0.0
care,0.19472253593627747,0.0
business,0.008179205004878953,0.0
been cleaned,0.09785460995746703,0.0
before,0.10400170266624009,0.0
being,0.027593180536183926,0.0
bell,0.09172598651787173,0.0
best,0.14738122209935456,0.0
better,0.02170560644035119,0.0
big,-0.04553933241939262,0.0
bit,-0.11169739796869343,0.0
book,0.20251174294840502,0.0
booked,0.09908603802637345,0.0
building,-0.11041420368668264,0.0
business center,-0.2078427603669925,0.0
asked,0.09772116824567645,0.0
but it,0.1657431398691817,0.0
but the,0.050963508958809856,0.0
but they,-0.06078027204343234,0.0
but we,0.10574120866673326,0.0
by the,-0.030691948230916866,0.0
cab,-0.23071657534108816,0.0
called the,0.06989354165094558,0.0
calls,-0.11736179987796663,0.0
came,-0.012969650244460562,0.0
cannot,-0.046154000071278845,0.0
card,0.013519849945965334,0.0
been,0.08388269398460302,0.0
beds,0.012368431618631714,0.0
bed and,-0.12143271769440339,0.0
bed,-0.03405811592568736,0.0
asked for,0.0531947549281227,0.0
asking,0.17208631022766963,0.0
at,0.1577641112673127,0.0
at hotel,-0.04020483199851521,0.0
at least,0.07612829342755945,0.0
at this,0.08349619247659712,0.0
attractions,0.17702196912144819,0.0
available,0.1161348726784735,0.0
away,-0.031614648357456365,0.0
back,0.012844155839894233,0.0
back to,0.1625476758323231,0.0
bad,-0.052345294629449646,0.0
bags,0.3109616746256076,0.0
bar,-0.04366982116724716,0.0
barely,-0.15205453298360033,0.0
basically,-0.3159122543459808,0.0
bathroom,-0.08633938389805573,0.0
bathroom was,-0.12080492654629721,0.0
be staying,0.11401638647177575,0.0
be the,0.16073184652762784,0.0
beautiful,-0.2286257292578972,0.0
because it,0.1038068256325726,0.0
because of,-0.20808039179963883,0.0
front,0.08364698102097406,0.0
full,-0.01998078082768584,0.0
our stay,-0.0922116039111942,0.0
more than,-0.15617600772908696,0.0
man,0.04933589753876516,0.0
maybe,-0.056208631041510915,0.0
me,0.11083051025362245,0.0
me and,0.16577211353635457,0.0
me that,0.1254704582094116,0.0
me to,-0.00939537604541496,0.0
mile,0.23486915473922854,0.0
minute,0.15104853871148938,0.0
minutes,0.07203685866943044,0.0
money,0.06346129877326118,0.0
more,-0.04071048151171269,0.0
morning,-0.09325899910355051,0.0
never stay,-0.1603558196457881,0.0
most,-0.05184724669595819,0.0
motel,0.2353079648424682,0.0
moved,-0.039790441400646304,0.0
must,0.056712778720856116,0.0
my experience,0.371433619271869,0.0
my husband,-0.08725222198332727,0.0
my reservation,0.12321850371438348,0.0
my stay,0.08129492813947337,0.0
my wife,0.2627940298454602,0.0
name,0.07716995816119937,0.0
nearby,0.16680143854030183,0.0
main,-0.14782985594447168,0.0
maid,0.43621218380318405,0.0
magnificent mile,0.23486915473922854,0.0
magnificent,0.23486915473922854,0.0
left,0.02037172181415231,0.0
less,-0.024958573641991333,0.0
let,0.09982939630017401,0.0
level,-0.11574580868478707,0.0
like the,0.12548416639208348,0.0
linens,0.1013152234958305,0.0
little,-0.020653508144175936,0.0
ll,-0.031224380187422407,0.0
lobby,-0.05195735421927533,0.0
lobby and,0.0703877920265148,0.0
located,0.11693082119318349,0.0
location is,-0.15139229622626904,0.0
long,0.14163754433949233,0.0
look,-0.0034046405530467894,0.0
looked,0.20676589101433285,0.0
looking,-0.07375082951846151,0.0
looking for,-0.08569872394763123,0.0
lost,-0.0439516766435088,0.0
lot,0.22176052971969556,0.0
lounge,-0.25083642471915824,0.0
luggage,0.022102192080965366,0.0
luxurious,0.35854195668876576,0.0
luxury hotel,0.3952332221975168,0.0
needed,0.0817028172827054,0.0
new,0.0585368138033423,0.0
least,0.03369291191996354,0.0
one night,0.20761626855597204,0.0
off the,0.1906530854078059,0.0
offered,-0.015161941095700016,0.0
often,-0.020888471536478326,0.0
oh,0.1943645896556364,0.0
old,-0.04161329475616393,0.0
old and,0.15100245881624447,0.0
on my,0.07222707236705539,0.0
on the,0.048005186178946,0.0
on their,0.21522529381100786,0.0
on this,0.053113984907925904,0.0
once,0.049534610235190235,0.0
one of,0.1533758490789754,0.0
next day,0.14038310169578866,0.0
only,-0.003121666996562633,0.0
options,0.05661519394067005,0.0
order,-0.06099097082926058,0.0
ordered,0.09239959825373273,0.0
other,-0.03433722796266958,0.0
others,-0.08665451183051559,0.0
our,-0.034277435405231926,0.0
our experience,0.17642116034145372,0.0
our first,-0.015489688617633446,0.0
our luggage,0.03146418766205483,0.0
our room,-0.1215261361453317,0.0
of this,-0.04841293901058502,0.0
of our,-0.09533226642424669,0.0
of my,0.0817535104062162,0.0
of hotel,0.024721365790715377,0.0
next time,-0.0018894530392279396,0.0
nice,-0.0017426224867597706,0.0
nice and,0.09798813330048867,0.0
night,0.01582250305460786,0.0
night we,0.11721232037731288,0.0
no one,-0.09961172426237369,0.0
noise,0.1100259873644131,0.0
noisy,-0.16446816826326488,0.0
non,0.2940200233888114,0.0
nor,0.1268214136763242,0.0
10,-0.12696276299175474,0.0
not have,-0.016329165736840345,0.0
not recommend,0.0704731699603815,0.0
not stay,-0.05125475207643565,0.0
not the,0.1370225787376066,0.0
not to,-0.064100945613638,0.0
not worth,-0.13714527010964478,0.0
nothing,0.06831208442699166,0.0
noticed,-0.13175723072704743,0.0
now,-0.11218938225180086,0.0
number,-0.20625888757908423,0.0
obviously,0.15667467333057405,0.0
of all,0.22903919624195251,0.0
leave,-0.009790970654992626,0.0
later,0.011066664360994183,0.0
gave me,-0.23499697338941639,0.0
here again,-0.04917977377617605,0.0
have the,0.0704913327514225,0.0
have to,0.03520693435190969,0.0
having,0.12047313821166894,0.0
he,0.13144374961176353,0.0
he was,0.2232930822329814,0.0
hear,-0.19353930355984544,0.0
hear the,-0.2162490073937039,0.0
heard,0.07573967498897566,0.0
help,0.1778083539947765,0.0
helpful,-0.18720889675985503,0.0
her,0.27407180079115057,0.0
high,0.14792809248508404,0.0
hotel staff,0.08947197538722945,0.0
hilton,0.04554241428955086,0.0
him,0.003361024556840342,0.0
his,0.19343524514521598,0.0
holiday,-0.1884734552368702,0.0
holiday inn,-0.18944415235458995,0.0
home,-0.039122275953187124,0.0
horrible,0.1009473289138984,0.0
hotel again,0.0791416914828843,0.0
hotel and,-0.0036648005340681467,0.0
hotel but,0.21601345669637556,0.0
hotel for,0.25974317922507384,0.0
have been,0.08268880726549294,0.0
has,-0.1494340242505065,0.0
hard,-0.08949154810395243,0.0
happened,-0.10788740579702383,0.0
get,0.044245060367778366,0.0
get the,0.12759442533021476,0.0
get to,0.12658452120423547,0.0
getting,0.14470459357373833,0.0
give,0.04825507265174117,0.0
go,-0.061801545386045986,0.0
go back,0.08333568822575621,0.0
go to,-0.10724231388018757,0.0
going,0.06810593672143817,0.0
going to,0.04914195230489693,0.0
good,-0.1323314050999591,0.0
got,0.055582482206317396,0.0
got to,0.17574453159981301,0.0
greeted,0.19662968521133517,0.0
guest,0.00661882727049995,0.0
guests,0.02761813591784712,0.0
had,0.05251499362597645,0.0
had been,0.0959025505583313,0.0
had the,0.15941424062563309,0.0
had to,0.06108859902574837,0.0
hadn,0.33224325289485657,0.0
hair,0.12074385790332215,0.0
half,0.011629769246428223,0.0
hotel in,0.1280162591089553,0.0
hotel that,0.0359865773356145,0.0
last,0.22647388124522816,0.0
items,-0.05840215429313722,0.0
is not,-0.07287106832706003,0.0
is the,-0.11738796086010334,0.0
is very,-0.03890380994319209,0.0
issue,0.11785381229646957,0.0
it has,0.030079910724741588,0.0
it is,-0.008542354993926082,0.0
it the,-0.04699026871204409,0.0
it to,0.16894932929967266,0.0
it took,-0.18105765769899645,0.0
it wasn,-0.21004670043032175,0.0
it would,0.0031414660477629974,0.0
its,0.019156369140699292,0.0
hotel the,0.11698689805190782,0.0
itself,0.18693657828253601,0.0
just,0.11265935472368627,0.0
just to,0.04944360644027124,0.0
keep,-0.05721131188620293,0.0
kept,0.006802284141293413,0.0
key,-0.07727969885131342,0.0
kids,0.149468712531024,0.0
kimpton,-0.12475424180521588,0.0
king,-0.013365372050483548,0.0
know,0.025348943768824628,0.0
large,-0.12476431958471523,0.0
into the,-0.133844821506318,0.0
into,-0.004133603138059716,0.0
internet,-0.05788651008297013,0.0
instead,-0.18891676031808313,0.0
hotel to,0.14047300571614912,0.0
hotel was,0.06748382250016627,0.0
hotel with,-0.05756722916057988,0.0
hotels,0.07428337707784138,0.0
hour,-0.018845910937532795,0.0
hours,-0.15417114125837622,0.0
house,0.06888472118880506,0.0
housekeeping,0.02270671396725099,0.0
how,-0.04721815596316198,0.0
however,0.07102081050117992,0.0
huge,0.028243053455622336,0.0
husband,-0.07460217866042829,0.0
husband and,-0.11604700578756688,0.0
if you,-0.06171626558355897,0.0
in and,0.09517132019185648,0.0
in chicago,0.24711300727741015,0.0
in line,0.052785760757483924,0.0
in my,0.08384055228340664,0.0
in our,-0.07104361643070284,0.0
in room,-0.1964795120070128,0.0
in this,-0.16421115627747312,0.0
in was,-0.03748708672255957,0.0
inn,-0.12004732709042909,0.0
your,-0.025674376510685992,0.0
